{"cameraMode":{"drawMode":0,"name":"Shaded","section":"Shading Mode"},"sceneLighting":false,"audioPlay":false,"sceneViewState":{"showFog":true,"showMaterialUpdate":true,"showSkybox":false,"showFlares":true,"showImageEffects":true,"showParticleSystems":true},"in2DMode":false,"pivot":{"x":1.7127389907836915,"y":-2.3833811283111574,"z":2.561143398284912},"rotation":{"x":-0.287530779838562,"y":-0.26444414258003237,"z":0.08292736113071442,"w":-0.9168135523796082},"size":7.152988433837891,"orthographic":false}