{"cameraMode":{"drawMode":0,"name":"Shaded","section":"Shading Mode"},"sceneLighting":true,"audioPlay":false,"sceneViewState":{"showFog":true,"showMaterialUpdate":true,"showSkybox":true,"showFlares":true,"showImageEffects":true,"showParticleSystems":true},"in2DMode":false,"pivot":{"x":0.7891042232513428,"y":1.6371300220489503,"z":-1.2637853622436524},"rotation":{"x":-0.08687984943389893,"y":0.016396019607782365,"z":-0.0014516595983877779,"w":-0.9960969686508179},"size":3.5053911209106447,"orthographic":false}