{"cameraMode":{"drawMode":0,"name":"Shaded","section":"Shading Mode"},"sceneLighting":false,"audioPlay":false,"sceneViewState":{"showFog":true,"showMaterialUpdate":true,"showSkybox":false,"showFlares":true,"showImageEffects":true,"showParticleSystems":true},"in2DMode":false,"pivot":{"x":0.5170915126800537,"y":-0.19664549827575684,"z":0.6302974224090576},"rotation":{"x":-0.23212629556655885,"y":-0.3034772574901581,"z":0.07648975402116776,"w":-0.9209733605384827},"size":3.5737838745117189,"orthographic":false}