{"cameraMode":{"drawMode":0,"name":"Shaded","section":"Shading Mode"},"sceneLighting":false,"audioPlay":false,"sceneViewState":{"showFog":true,"showMaterialUpdate":true,"showSkybox":false,"showFlares":true,"showImageEffects":true,"showParticleSystems":true},"in2DMode":false,"pivot":{"x":0.10568201541900635,"y":-0.8669729232788086,"z":-1.0549578666687012},"rotation":{"x":0.03758132457733154,"y":0.9437004923820496,"z":-0.30782774090766909,"w":0.1152133122086525},"size":4.105391025543213,"orthographic":false}