{"cameraMode":{"drawMode":0,"name":"Shaded","section":"Shading Mode"},"sceneLighting":false,"audioPlay":false,"sceneViewState":{"showFog":true,"showMaterialUpdate":true,"showSkybox":false,"showFlares":true,"showImageEffects":true,"showParticleSystems":true},"in2DMode":false,"pivot":{"x":-0.028530791401863099,"y":-0.041355885565280917,"z":0.16088002920150758},"rotation":{"x":-0.12441110610961914,"y":0.2607724666595459,"z":-0.03390974923968315,"w":-0.9567503929138184},"size":0.545282244682312,"orthographic":false}