{"cameraMode":{"drawMode":0,"name":"Shaded","section":"Shading Mode"},"sceneLighting":false,"audioPlay":false,"sceneViewState":{"showFog":true,"showMaterialUpdate":true,"showSkybox":false,"showFlares":true,"showImageEffects":true,"showParticleSystems":true},"in2DMode":false,"pivot":{"x":-0.9476895332336426,"y":0.21166586875915528,"z":0.4392143487930298},"rotation":{"x":-0.18141502141952516,"y":-0.6479887962341309,"z":0.16291393339633943,"w":-0.7215777039527893},"size":2.1518900394439699,"orthographic":false}