{"cameraMode":{"drawMode":0,"name":"Shaded","section":"Shading Mode"},"sceneLighting":false,"audioPlay":false,"sceneViewState":{"showFog":true,"showMaterialUpdate":true,"showSkybox":false,"showFlares":true,"showImageEffects":true,"showParticleSystems":true},"in2DMode":false,"pivot":{"x":-0.011914730072021485,"y":-0.34855127334594729,"z":0.5317147970199585},"rotation":{"x":-0.32312479615211489,"y":0.3069104254245758,"z":-0.11164940893650055,"w":-0.8882306814193726},"size":3.5737838745117189,"orthographic":false}