{"cameraMode":{"drawMode":0,"name":"Shaded","section":"Shading Mode"},"sceneLighting":true,"audioPlay":false,"sceneViewState":{"showFog":true,"showMaterialUpdate":true,"showSkybox":true,"showFlares":true,"showImageEffects":true,"showParticleSystems":true},"in2DMode":false,"pivot":{"x":2.2487993240356447,"y":-59.452354431152347,"z":23.948278427124025},"rotation":{"x":0.662693202495575,"y":0.01196522731333971,"z":-0.010541719384491444,"w":0.7487519979476929},"size":214.04351806640626,"orthographic":false}