{"cameraMode":{"drawMode":0,"name":"Shaded","section":"Shading Mode"},"sceneLighting":true,"audioPlay":false,"sceneViewState":{"showFog":true,"showMaterialUpdate":true,"showSkybox":true,"showFlares":true,"showImageEffects":true,"showParticleSystems":true},"in2DMode":false,"pivot":{"x":3.3031251430511476,"y":9.656364440917969,"z":-7.379110336303711},"rotation":{"x":0.1612890511751175,"y":-0.009422593750059605,"z":0.0015754008200019599,"w":0.9868848323822022},"size":20.840335845947267,"orthographic":false}