{"cameraMode":{"drawMode":0,"name":"Shaded","section":"Shading Mode"},"sceneLighting":true,"audioPlay":false,"sceneViewState":{"showFog":true,"showMaterialUpdate":true,"showSkybox":true,"showFlares":true,"showImageEffects":true,"showParticleSystems":true},"in2DMode":false,"pivot":{"x":-1.658076286315918,"y":-1.485098123550415,"z":78.35125732421875},"rotation":{"x":-0.13962194323539735,"y":-0.7574805021286011,"z":0.1721440702676773,"w":-0.6141071915626526},"size":9.728570938110352,"orthographic":false}